0,rollover
1,merriam
2,speakers
3,benches
4,particles
5,rugby
6,grandparents
7,backpack
8,irene
9,barefoot
10,moroccan
11,grant
12,legends
13,purses
14,beanie
15,clerks
16,lean
17,bard
18,apollo
19,sofas
20,vance
21,neighbour
22,andorra
23,ramp
24,shelving
25,holocaust
26,comoros
27,delphi
28,endeavour
29,baseball
30,stained
31,protecting
32,napoleon
33,hiking
34,dome
35,damages
36,sawyer
37,skull
38,rsvp
39,stripes
40,umd
41,butterfly
42,wetland
43,tattoos
44,polynesia
45,tribal
46,nightclub
47,presents
48,chess
49,magellan
50,watering
51,daewoo
52,overall
53,mirrors
54,vests
55,motto
56,royals
57,westminster
58,florist
59,hopper
60,boat
61,farmhouse
62,aa
63,pizza
64,garrison
65,surgery
66,finepix
67,punished
68,snowmobile
69,imposing
70,tasmania
71,bild
72,sweeping
73,meridia
74,selfish
75,thoughtful
76,maze
77,tehran
78,clipart
79,kerala
80,zambia
81,aaa
82,faroe
83,hair
84,paintings
85,geometric
86,kauai
87,farmhouse
88,tackle
89,serious
90,superannuation
91,aaliyah
92,auditorium
93,boats
94,window
95,dining
96,supporters
97,carp
98,irene
99,extensions
100,vatican
101,ruins
102,retriever
103,provence
104,sutherland
105,myocardial
106,desert
107,delhi
108,sanchez
109,panther
110,purple
111,walnut
112,glasgow
113,premiere
114,rat
115,nairobi
116,liverpool
117,lilies
118,rajasthan
119,terrier
120,pupil
121,melbourne
122,senior
123,laying
124,stickers
125,tackling
126,seal
127,micronesia
128,puma
129,calcutta
130,commonwealth
131,reserved
132,snowy
133,altar
134,aston
135,garrison
136,penguin
137,pigeon
138,yearbook
139,monkey
140,sunset
141,submarine
142,dlp
143,aero
144,washington
145,chocolates
146,norway
147,trout
148,telephone
149,yosemite
150,scooters
151,finding
152,creole
153,leopard
154,cleavage
155,winter
156,merlin
157,quarry
158,differentiate
159,kurdish
160,pines
161,barnes
162,tackling
163,jj
164,composites
165,profile
166,assign
167,door
168,mongolia
169,wisconsin
170,ios
171,aloe
172,pointing
173,arin
174,venice
175,logo
176,buddhism
177,squash
178,belts
179,posters
180,researcher
181,porsche
182,aquaculture
183,refused
184,sunderland
185,turquoise
186,temple
187,tibet
188,bulldogs
189,monkeys
190,paintings
191,knit
192,fairbanks
193,loader
194,guadeloupe
195,shoes
196,myr
197,angle
198,msu
199,silica
200,vail
201,warrant
202,superannuation
203,bangkok
204,devised
205,albuquerque
206,kurdish
207,rollers
208,overlooking
209,alibris
210,kayaking
211,oman
212,flags
213,garrison
214,social
215,pile
216,gnu
217,habitat
218,alice
219,rocks
220,losses
221,korn
222,outlets
223,epstein
224,overall
225,outfit
226,rotterdam
227,leipzig
228,aquaculture
229,woes
230,fairbanks
231,darlington
232,pilots
233,trees
234,vows
235,guitar
236,mclaren
237,alamo
238,scarborough
239,grandparents
240,phonephone
241,kuwait
242,burger
243,barcelona
244,incense
245,husbands
246,cologne
247,bowie
248,businessman
249,hotel
250,dresser
251,nichols
252,abramoff
253,lamar
254,pool
255,compass
256,eleven
257,legislators
258,washington
259,coats
260,vertices
261,lake
262,ramps
263,vatican
264,flower
265,theories
266,bureau
267,incubus
268,worcestershire
269,garden
270,banner
271,krishna
272,demon
273,divers
274,car
275,black
276,tanning
277,librarian
278,merry
279,ll
280,labrador
281,enterprise
282,picnic
283,alcoholic
284,districts
285,indonesia
286,gandhi
287,day
288,photography
289,kitchens
290,messages
291,smilies
292,panel
293,fireplace
294,ix
295,runway
296,yosemite
297,conservatory
298,arrays
299,displays
300,rajasthan
301,reservoir
302,emacs
303,roulette
304,sennheiser
305,sauna
306,marching
307,dora
308,sporting
309,seventy
310,playing
311,telephones
312,furniture
313,moon
314,directorate
315,greenhouse
316,funeral
317,affirm
318,blazer
319,headphone
320,blur
321,landmarks
322,automobile
323,mosque
324,organisations
325,limb
326,fixture
327,biking
328,picnic
329,judaism
330,cabinets
331,purse
332,criticized
333,bananas
334,beer
335,symbian
336,zealand
337,marrow
338,profile
339,irene
340,kendall
341,submarine
342,mosque
343,chess
344,westin
345,kissing
346,peppers
347,boats
348,stairs
349,chocolate
350,turquoise
351,ricoh
352,justify
353,gala
354,shield
355,social
356,runners
357,coins
358,spring
359,golfers
360,mcgee
361,sinking
362,carnival
363,lime
364,smartphone
365,cover
366,basename
367,costumes
368,chromatography
369,currencies
370,kernel
371,icelandic
372,seals
373,perth
374,moscow
375,roosevelt
376,lights
377,treadmill
378,thumbzilla
379,paced
380,seminar
381,hannover
382,scarborough
383,moonlight
384,sapphire
385,summer
386,trumpet
387,clones
388,cranberry
389,abdominal
390,airfares
391,advertisement
392,westminster
393,lipstick
394,horse
395,bicycles
396,rockwell
397,collier
398,walks
399,garrison
400,mapped
401,nap
402,chapel
403,puppies
404,bland
405,toaster
406,wimbledon
407,seafood
408,isdn
409,envelopes
410,coupon
411,confrontation
412,bono
413,seether
414,bologna
415,towel
416,mansion
417,suriname
418,ebay
419,uruguay
420,banner
421,marketplace
422,cleanup
423,framed
424,dialysis
425,nikki
426,cleavage
427,punctuation
428,boots
429,gowns
430,algebra
431,argentine
432,composites
433,police
434,cdc
435,galloway
436,lens
437,scarborough
438,traffic
439,interior
440,defence
441,thornton
442,year
443,audience
444,nigerian
445,drafts
446,tele
447,parliament
448,carrying
449,angels
450,metric
451,saskatchewan
452,prac
453,bridal
454,civic
455,magenta
456,forte
457,lotus
458,kitchen
459,granny
460,aquarium
461,stag
462,sorted
463,driveway
464,nav
465,carnival
466,donovan
467,lettering
468,goose
469,branches
470,horseback
471,myself
472,parking
473,bedrooms
474,hogtied
475,upskirts
476,breakers
477,iu
478,flea
479,liners
480,sodium
481,cooperation
482,blue
483,lc
484,mountains
485,toolbox
486,gown
487,cooling
488,moss
489,strand
490,performer
491,publications
492,womens
493,kaiser
494,agility
495,gymnastics
496,hammond
497,balloon
498,patton
499,turtles
500,baht
501,ferries
502,monitors
503,bra
504,raton
505,linksys
506,boeing
507,colored
508,newsweek
509,bike
510,mirror
511,penthouse
512,hazards
513,aladdin
514,debut
515,pixel
516,annuity
517,integers
518,cabo
519,gazette
520,bus
521,migrating
522,korea
523,basename
524,pig
525,angry
526,northumberland
527,iu
528,dentist
529,books
530,weymouth
531,bear
532,switchfoot
533,edinburgh
534,cornwall
535,bremen
536,items
537,flea
538,monument
539,bw
540,vows
541,queens
542,guess
543,malaga
544,galveston
545,watersports
546,radiohead
547,clipart
548,petitioner
549,alcatel
550,oldsmobile
551,hottie
552,thighs
553,trivium
554,reporter
555,flats
556,bass
557,depression
558,pyramid
559,stoves
560,pakistan
561,camper
562,expressions
563,orange
564,fairbanks
565,clerks
566,earrings
567,oxley
568,makeup
569,label
570,alphabet
571,undefined
572,gonzales
573,liners
574,yves
575,sandwiches
576,iu
577,monkey
578,cctv
579,andersen
580,stoves
581,mall
582,stockings
583,sheep
584,road
585,cake
586,alma
587,social
588,cockpit
589,chromatography
590,returned
591,celine
592,papua
593,running
594,vests
595,san
596,assemble
597,smallest
598,bizjournalshire
599,bathroom
600,bridal
601,kitchen
602,preservation
603,bureau
604,seafood
605,cracks
606,banner
607,bunny
608,armada
609,undefined
610,huskies
611,social
612,hockey
613,lubricants
614,seminar
615,salzburg
616,endeavor
617,faucet
618,couple
619,giclee
620,alloy
621,maryland
622,interstate
623,composites
624,lister
625,berries
626,cats
627,pony
628,walden
629,reebok
630,directorate
631,liechtenstein
632,dinnerware
633,missionary
634,hopper
635,redevelopment
636,scouting
637,nyc
638,rains
639,elephants
640,congenital
641,paving
642,westminster
643,banner
644,shannon
645,pluto
646,homeowner
647,salts
648,performer
649,coldplay
650,bridge
651,nutrition
652,seasons
653,regiment
654,worldcat
655,hats
656,dessert
657,emerald
658,cheerleader
659,snowy
660,irene
661,boating
662,ducks
663,karl
664,scooby
665,cumbria
666,biker
667,sixty
668,honored
669,trio
670,elvis
671,definitions
672,xemacs
673,suriname
674,bouquet
675,pinkworld
676,acoustic
677,tunnels
678,london
679,porch
680,octet
681,riding
682,shinedown
683,banner
684,vertices
685,imposing
686,casserole
687,lilies
688,tractor
689,graphite
690,gowns
691,army
692,banner
693,christmas
694,eu
695,bouquet
696,sedona
697,normally
698,eleven
699,shenzhen
700,chapel
701,shorts
702,profile
703,nautical
704,doors
705,provence
706,porch
707,aa
708,rake
709,kimberly
710,legislature
711,witch
712,owls
713,jockey
714,commonwealth
715,snowmobile
716,abusive
717,burkina
718,limo
719,chicago
720,summer
721,electrode
722,belarus
723,gatwick
724,fountain
725,basename
726,starch
727,maine
728,monument
729,remembrance
730,sleeves
731,after
732,trophy
733,restaurant
734,vatican
735,pixar
736,tower
737,shirt
738,daewoo
739,paving
740,birding
741,bottled
742,wedding
743,colorado
744,supernatural
745,piedmont
746,alvin
747,flea
748,champagne
749,blankets
750,biker
751,accompany
752,warehousing
753,clancy
754,dependencies
755,helmets
756,beach
757,turkey
758,invited
759,filmography
760,fog
761,longitude
762,masks
763,vineyards
764,einstein
765,atx
766,beatles
767,umbrella
768,run
769,disneyland
770,taylor
771,ornaments
772,vigorous
773,buddhist
774,amino
775,gown
776,coordinated
777,bookmarks
778,clearwater
779,gatwick
780,yogurt
781,pumpkin
782,minimal
783,aac
784,brides
785,yoga
786,tennis
787,mississauga
788,engine
789,shirts
790,social
791,alicante
792,duck
793,hardcover
794,clic
795,como
796,interstate
797,athens
798,garrison
799,cake
800,leonardo
801,landscaping
802,jin
803,fairbanks
804,screws
805,rammstein
806,railway
807,tackle
808,cecil
809,defence
810,jolla
811,candle
812,italian
813,buffalo
814,moon
815,gender
816,persist
817,farmer
818,desserts
819,mexico
820,crowd
821,vendors
822,headaches
823,pianist
824,pilates
825,sailing
826,gameplay
827,washington
828,elk
829,fights
830,wildlife
831,preferred
832,likes
833,slate
834,martial
835,remuneration
836,mudvayne
837,kissing
838,leaves
839,turin
840,clerks
841,labelled
842,prevented
843,welcomes
844,gowns
845,barber
846,advent
847,amsterdam
848,paintball
849,crypt
850,firing
851,composites
852,alps
853,amino
854,brides
855,muslim
856,wheelchair
857,walkman
858,wizards
859,bizjournalshire
860,coffee
861,actresses
862,waltham
863,damages
864,beach
865,yellowstone
866,eating
867,sunglasses
868,garages
869,threatening
870,mudvayne
871,kramer
872,iu
873,renault
874,gymnastics
875,gauges
876,siena
877,purdue
878,childrens
879,palm
880,imagination
881,reebok
882,towel
883,skull
884,tuvalu
885,brick
886,boston
887,ebony
888,til
889,coffee
890,bizjournalshire
891,liposuction
892,borland
893,fishermen
894,prague
895,brussels
896,duluth
897,algeria
898,stools
899,socks
900,placebo
901,motherboards
902,peptides
903,pounds
904,banner
905,clouds
906,pakistan
907,customise
908,connecticut
909,saddam
910,runway
911,accountant
912,nursery
913,liberia
914,prostitution
915,water
916,addresses
917,evaluations
918,transformation
919,beginners
920,fourteen
921,miracles
922,pasta
923,canoeing
924,lei
925,clouds
926,libya
927,altar
928,profile
929,pizza
930,canoeing
931,vendors
932,polaroid
933,kitchens
934,varieties
935,cafeteria
936,advertisement
937,artillery
938,nationals
939,westfield
940,suv
941,factories
942,groom
943,niger
944,flags
945,kiwi
946,aerial
947,orchestra
948,swim
949,guidebook
950,cambodia
951,fathers
952,shoes
953,boa
954,alps
955,oceanic
956,suffolk
957,pinkworld
958,header
959,watersports
960,nebraska
961,phuket
962,haired
963,blue
964,bouquet
965,letter
966,underoath
967,linkin
968,merely
969,waltham
970,lions
971,social
972,gatwick
973,buses
974,bridal
975,cascade
976,gameplay
977,mozart
978,islam
979,tackling
980,ceiling
981,faxes
982,prove
983,pearls
984,bosch
985,silica
986,showroom
987,cooperation
988,voicemail
989,williamsburg
990,polaroid
991,graphite
992,egyptian
993,adequacy
994,fern
995,lotus
996,banner
997,myanmar
998,coldplay
999,truth
1000,newsfeed
1001,chanel
1002,cabernet
1003,wavelength
1004,sign
1005,celine
1006,kite
1007,rutgers
1008,santa
1009,rowing
1010,paintings
1011,barron
1012,november
1013,coat
1014,kitten
1015,ornament
1016,rapids
1017,alphabet
1018,sleeve
1019,hoodie
1020,debian
1021,clock
1022,tobago
1023,labrador
1024,undefined
1025,singh
1026,ram
1027,beige
1028,pitcher
1029,graphite
1030,grille
1031,switchfoot
1032,soccer
1033,finances
1034,gifs
1035,greyhound
1036,aladdin
1037,devel
1038,elephant
1039,cameltoe
1040,chef
1041,balloon
1042,paving
1043,classrooms
1044,white
1045,wnba
1046,mermaid
1047,galaxies
1048,meteorology
1049,yellowstone
1050,vaults
1051,drosophila
1052,swings
1053,paced
1054,profile
1055,anomaly
1056,leaves
1057,sheep
1058,organisms
1059,forte
1060,coil
1061,infants
1062,pinball
1063,nylons
1064,baskets
1065,softball
1066,pride
1067,hopper
1068,elephants
1069,statistics
1070,spider
1071,burgundy
1072,window
1073,pepsi
1074,creed
1075,andersen
1076,bots
1077,toulouse
1078,emporium
1079,social
1080,proverbs
1081,helmet
1082,moscow
1083,malta
1084,gowns
1085,mpls
1086,phillies
1087,moon
1088,snow
1089,acne
1090,orbitz
1091,waterways
1092,hallmark
1093,zebra
1094,senior
1095,tattoo
1096,gym
1097,rainforest
1098,garfield
1099,pizza
1100,billboard
1101,sustain
1102,legislation
1103,richter
1104,crane
1105,pavilion
1106,miles
1107,string
1108,vertices
1109,picnic
1110,monastery
1111,classifieds
1112,rings
1113,silhouette
1114,helmet
1115,dana
1116,nr
1117,curb
1118,embroidery
1119,bridgewater
1120,grey
1121,fed
1122,waveform
1123,cricket
1124,suits
1125,colin
1126,gown
1127,scarborough
1128,iss
1129,cumshot
1130,flap
1131,nfl
1132,edmund
1133,aspen
1134,fireworks
1135,payne
1136,naples
1137,rammstein
1138,picnic
1139,fifteen
1140,kitchen
1141,sunglasses
1142,angels
1143,burgundy
1144,iu
1145,ffi
1146,oldsmobile
1147,ethiopia
1148,martial
1149,dining
1150,cups
1151,architects
1152,bangkok
1153,packard
1154,drives
1155,hitch
1156,cells
1157,balloons
1158,prohibits
1159,montserrat
1160,canoeing
1161,irrigation
1162,myanmar
1163,cliffs
1164,carisoprodol
1165,webcast
1166,hawaiian
1167,earlier
1168,promoters
1169,booty
1170,coldfusion
1171,cambridgeshire
1172,contemporary
1173,company
1174,carisoprodol
1175,screensaver
1176,floral
1177,elevator
1178,apple
1179,bear
1180,decorating
1181,fargo
1182,dram
1183,pitbull
1184,examination
1185,tanning
1186,worksheet
1187,rat
1188,boots
1189,pedestal
1190,afghanistan
1191,shakespeare
1192,punk
1193,bacon
1194,checklist
1195,beaded
1196,insect
1197,sixty
1198,mosque
1199,dungeons
1200,palmone
1201,trees
1202,interior
1203,westlife
1204,sketches
1205,mozambique
1206,permitted
1207,buchanan
1208,entries
1209,haitian
1210,alto
1211,park
1212,notch
1213,cannes
1214,perth
1215,umd
1216,caterpillar
1217,crete
1218,incubus
1219,floral
1220,atari
1221,dana
1222,sunset
1223,beard
1224,scrapbooking
1225,pregnant
1226,mosque
1227,santa
1228,white
1229,callaway
1230,carpet
1231,shirt
1232,kitchens
1233,pot
1234,ibiza
1235,piles
1236,farmhouse
1237,bedrooms
1238,campus
1239,crypt
1240,tractor
1241,descending
1242,mandy
1243,ottoman
1244,headset
1245,canal
1246,vpn
1247,battery
1248,jamaica
1249,jacuzzi
1250,erosion
1251,satin
1252,beige
1253,legs
1254,invented
1255,lights
1256,pitching
1257,gardening
1258,meridia
1259,swing
1260,clic
1261,pool
1262,bargain
1263,find
1264,water
1265,proposing
1266,twain
1267,albuquerque
1268,puppies
1269,ballet
1270,underoath
1271,dictionaries
1272,edmonton
1273,swings
1274,irene
1275,seville
1276,clipart
1277,arin
1278,cordless
1279,affects
1280,prentice
1281,backdrop
1282,helmet
1283,fountains
1284,terminator
1285,soup
1286,basement
1287,slipknot
1288,ted
1289,packard
1290,servicing
1291,notebooks
1292,bild
1293,snowy
1294,dentist
1295,boxing
1296,paige
1297,gamecube
1298,ropes
1299,runway
1300,leather
1301,corrosion
1302,exercising
1303,basketball
1304,smugmug
1305,hay
1306,dresses
1307,werner
1308,cambridgeshire
1309,ashton
1310,shark
1311,sqrt
1312,stools
1313,inhibitor
1314,buildings
1315,brighton
1316,soccer
1317,mirage
1318,bottle
1319,legislature
1320,teens
1321,commissioners
1322,bangkok
1323,stadium
1324,dcs
1325,fog
1326,paris
1327,leigh
1328,alloy
1329,ballet
1330,maltese
1331,ironing
1332,autumn
1333,mug
1334,arid
1335,savage
1336,osaka
1337,mosque
1338,rajasthan
1339,haiti
1340,hummer
1341,cinnamon
1342,leonard
1343,flower
1344,rihanna
1345,pitbull
1346,balloons
1347,book
1348,palms
1349,nero
1350,pie
1351,gauges
1352,drink
1353,ibiza
1354,outfitters
1355,booty
1356,boots
1357,sterile
1358,hands
1359,mpls
1360,aquaculture
1361,capri
1362,fauna
1363,gatwick
1364,washington
1365,silica
1366,china
1367,planting
1368,twp
1369,fedex
1370,stitch
1371,mask
1372,articulated
1373,elvis
1374,saxon
1375,cambodia
1376,dresser
1377,equestrian
1378,rear
1379,splits
1380,electra
1381,swings
1382,succeed
1383,banana
1384,westlife
1385,emerson
1386,auditorium
1387,hugs
1388,iu
1389,hubs
1390,celebrations
1391,jeep
1392,fisheries
1393,buddhism
1394,imac
1395,social
1396,comet
1397,dotted
1398,poe
1399,logo
1400,businessman
1401,soup
1402,commitments
1403,hoodia
1404,gardening
1405,suburban
1406,rat
1407,abusive
1408,sportsbook
1409,oregon
1410,olympic
1411,montserrat
1412,sunset
1413,caicos
1414,statistics
1415,balancing
1416,segregation
1417,r
1418,heels
1419,normally
1420,wraps
1421,matches
1422,jump
1423,organ
1424,fragrances
1425,arkansas
1426,orange
1427,tattoo
1428,slashdot
1429,washington
1430,engaged
1431,caicos
1432,washington
1433,vaio
1434,composites
1435,denim
1436,appalachian
1437,books
1438,texans
1439,hmmm
1440,fruits
1441,pine
1442,mounted
1443,alps
1444,iu
1445,irene
1446,hug
1447,pubmed
1448,rooted
1449,southwestern
1450,finepix
1451,saab
1452,belgrade
1453,library
1454,fibers
1455,judd
1456,rudolph
1457,dotted
1458,rug
1459,barn
1460,roma
1461,emu
1462,saxophone
1463,coldplay
1464,aces
1465,hogtied
1466,lei
1467,pizza
1468,elderly
1469,cushion
1470,cabinets
1471,dubai
1472,vanuatu
1473,tackling
1474,sportswear
1475,techno
1476,tanning
1477,camping
1478,bhutan
1479,bathroom
1480,rabbit
1481,sunrise
1482,kitchen
1483,tennis
1484,equine
1485,rammstein
1486,infoworld
1487,sandwiches
1488,banner
1489,vocals
1490,guitarist
1491,pentax
1492,nvidia
1493,santa
1494,fox
1495,photographer
1496,scarborough
1497,enthusiastic
1498,clock
1499,chicken
1500,motorcycle
1501,sinclair
1502,warwickshire
1503,tamiflu
1504,deutsch
1505,bedroom
1506,abs
1507,married
1508,ethan
1509,missouri
1510,swaziland
1511,twentieth
1512,hdd
1513,bus
1514,helicopter
1515,cowboy
1516,appropriation
1517,rosie
1518,weighing
1519,praying
1520,bottles
1521,welcomed
1522,stella
1523,branch
1524,toronto
1525,pitching
1526,fences
1527,century
1528,jeanne
1529,stadium
1530,homeless
1531,amethyst
1532,cake
1533,movie
1534,yr
1535,norway
1536,granite
1537,hedge
1538,irene
1539,putting
1540,eddie
1541,preset
1542,easyshare
1543,washington
1544,devel
1545,airborne
1546,shannon
1547,defenses
1548,georges
1549,swimming
1550,outfit
1551,professionals
1552,memberlistmemberlist
1553,masks
1554,wheat
1555,rugby
1556,hunk
1557,bridal
1558,boxes
1559,scarborough
1560,yellowstone
1561,dashboard
1562,garrison
1563,valentine
1564,saddam
1565,playstation
1566,polaroid
1567,lesotho
1568,accountant
1569,scarf
1570,jd
1571,muscles
1572,whistler
1573,mailbox
1574,shields
1575,badger
1576,pointer
1577,plants
1578,nasa
1579,wheat
1580,squash
1581,reebok
1582,underwood
1583,worst
1584,household
1585,tavern
1586,the
1587,parrot
1588,scrabble
1589,social
1590,pile
1591,mustang
1592,disorders
1593,ibm
1594,rafting
1595,mib
1596,blackburn
1597,gown
1598,tasmania
1599,sightseeing
1600,employability
1601,seminary
1602,crochet
1603,galway
1604,sisters
1605,bears
1606,pathway
1607,tableware
1608,mixers
1609,gears
1610,graphite
1611,wines
1612,monks
1613,siena
1614,duct
1615,sidewalk
1616,chromatography
1617,berries
1618,track
1619,svg
1620,cardinal
1621,snowboard
1622,yellowstone
1623,climbing
1624,classics
1625,steak
1626,redhead
1627,drove
1628,crowd
1629,prairie
1630,weddings
1631,bottles
1632,eclipse
1633,carrie
1634,sunrise
1635,wrist
1636,lego
1637,iran
1638,buckingham
1639,bison
1640,aquarium
1641,gibbs
1642,chennai
1643,sheep
1644,teddy
1645,beijing
1646,quotation
1647,whisky
1648,glasses
1649,cucumber
1650,bangladesh
1651,madagascar
1652,mirror
1653,vests
1654,sedona
1655,redwood
1656,ciara
1657,alps
1658,pollen
1659,ladder
1660,posture
1661,fasteners
1662,johannesburg
1663,antarctica
1664,plaque
1665,chasing
1666,crochet
1667,warp
1668,window
1669,alma
1670,fiat
1671,rapids
1672,erickson
1673,geneva
1674,aluminum
1675,remortgage
1676,pirates
1677,sweater
1678,cambodia
1679,flower
1680,snow
1681,engine
1682,countries
1683,mothers
1684,aq
1685,switchfoot
1686,cosmopolitan
1687,ropes
1688,sanyo
1689,mud
1690,paintball
1691,hats
1692,dolphins
1693,decor
1694,walmart
1695,supernatural
1696,ruins
1697,grille
1698,helmet
1699,vendor
1700,shelving
1701,teamwork
1702,trousers
1703,lacrosse
1704,colchester
1705,beach
1706,poppy
1707,heart
1708,skirt
1709,malaysian
1710,geisha
1711,peppers
1712,spiderman
1713,villagers
1714,janet
1715,seiko
1716,ig
1717,knowles
1718,portage
1719,greeting
1720,strand
1721,maid
1722,deposited
1723,vows
1724,navigation
1725,archery
1726,affects
1727,plaid
1728,fury
1729,fungi
1730,christmas
1731,dog
1732,police
1733,gymnastics
1734,lama
1735,canoeing
1736,slippers
1737,puppies
1738,underoath
1739,papua
1740,judge
1741,airfares
1742,snowboarding
1743,stony
1744,aaliyah
1745,fisheries
1746,jaguar
1747,toilette
1748,bentley
1749,nixon
1750,refugee
1751,professor
1752,closet
1753,packaging
1754,playhouse
1755,faction
1756,knitting
1757,pegasus
1758,pitbull
1759,musician
1760,medal
1761,compost
1762,downhill
1763,maid
1764,tapestry
1765,lisbon
1766,premiere
1767,prom
1768,physician
1769,nigerian
1770,harvest
1771,ramps
1772,supernatural
1773,professor
1774,celine
1775,married
1776,rv
1777,nigerian
1778,detectors
1779,blinds
1780,cows
1781,histories
1782,pussycat
1783,notebook
1784,banner
1785,jenkins
1786,samuel
1787,lionel
1788,avery
1789,weezer
1790,chandelier
1791,denim
1792,eo
1793,elephants
1794,social
1795,flu
1796,gown
1797,balloons
1798,cashiers
1799,tennis
1800,gauges
1801,dtd
1802,cabaret
1803,infant
1804,godsmack
1805,bison
1806,hes
1807,telegraph
1808,beard
1809,swaziland
1810,sailing
1811,musician
1812,owls
1813,damage
1814,doors
1815,cody
1816,door
1817,elton
1818,fishermen
1819,proposing
1820,interiors
1821,barn
1822,nautical
1823,gandhi
1824,twain
1825,mall
1826,emergencies
1827,lisbon
1828,missouri
1829,leather
1830,hancock
1831,chairs
1832,saxon
1833,mellon
1834,burger
1835,vermont
1836,stretching
1837,drawings
1838,pottery
1839,seville
1840,maroon
1841,gentoo
1842,alamo
1843,laptops
1844,dresser
1845,flea
1846,maltese
1847,transistor
1848,preferably
1849,enlisted
1850,jeans
1851,turquoise
1852,courtyard
1853,iu
1854,lap
1855,tractors
1856,playground
1857,kyoto
1858,ambulance
1859,investigating
1860,photography
1861,coaches
1862,menus
1863,arrests
1864,gentoo
1865,cookware
1866,seating
1867,eggs
1868,yankees
1869,kde
1870,valentino
1871,id
1872,cruz
1873,asians
1874,monkeys
1875,wilkinson
1876,dorm
1877,freeway
1878,turbulence
1879,skiing
1880,gifted
1881,pool
1882,disasters
1883,smugmug
1884,cheerleaders
1885,tower
1886,wheelchair
1887,scottish
1888,saxon
1889,swing
1890,carrie
1891,ig
1892,champaign
1893,radius
1894,departures
1895,norway
1896,siena
1897,log
1898,skirt
1899,phantomnode
1900,sedona
1901,gerald
1902,pastel
1903,consortium
1904,hearts
1905,imaginative
1906,inlet
1907,bmw
1908,journey
1909,mansion
1910,mississauga
1911,mating
1912,referee
1913,blazer
1914,woodworking
1915,twiztid
1916,mayer
1917,saab
1918,aphrodite
1919,towing
1920,envelopes
1921,lotus
1922,wandering
1923,batman
1924,soak
1925,washington
1926,cruises
1927,shoes
1928,away
1929,disneyland
1930,riviera
1931,autumn
1932,pyramid
1933,tweed
1934,tourists
1935,scottsdale
1936,aussie
1937,cheerleaders
1938,social
1939,deere
1940,floods
1941,convertible
1942,summit
1943,dodgers
1944,jars
1945,militia
1946,bridal
1947,eleven
1948,rihanna
1949,meditation
1950,arteries
1951,plant
1952,languages
1953,cheerleaders
1954,pile
1955,beige
1956,capturing
1957,improved
1958,merely
1959,social
1960,atc
1961,fries
1962,kitchens
1963,glacier
1964,thirty
1965,baccarat
1966,raphael
1967,fifteen
1968,fisherman
1969,sheraton
1970,stools
1971,ceilings
1972,books
1973,denim
1974,towels
1975,councillors
1976,irene
1977,marcel
1978,amsterdam
1979,statue
1980,tights
1981,eminem
1982,maldives
1983,rewrite
1984,scholastic
1985,thighs
1986,suits
1987,yoga
1988,arcade
1989,social
1990,soccer
1991,desk
1992,spain
1993,breakfasts
1994,mississauga
1995,vitamin
1996,teaspoon
1997,steelers
1998,coldplay
1999,transistor
2000,index
2001,causes
2002,encarta
2003,partition
2004,isaiah
2005,crane
2006,regimen
2007,slug
2008,campground
2009,soup
2010,micronesia
2011,pathway
2012,annapolis
2013,floral
2014,southern
2015,birthdays
2016,cashmere
2017,swings
2018,chunk
2019,clouds
2020,darfur
2021,california
2022,constituency
2023,winery
2024,canal
2025,scarface
2026,circle
2027,earthquake
2028,dress
2029,shirt
2030,graduate
2031,departures
2032,rubbish
2033,tennis
2034,ruins
2035,expansys
2036,pencil
2037,wanting
2038,squirrel
2039,bologna
2040,firefighters
2041,weaving
2042,inks
2043,detection
2044,snowy
2045,schwarzenegger
2046,deer
2047,cameras
2048,firefly
2049,pumpkin
2050,shaping
2051,banner
2052,frog
2053,vineyards
2054,movies
2055,griffith
2056,feeder
2057,brand
2058,editors
2059,baptism
2060,millenium
2061,bed
2062,orion
2063,mind
2064,mgmt
2065,window
2066,macau
2067,derbyshire
2068,shoppers
2069,hockey
2070,wretch
2071,swings
2072,pink
2073,fisheries
2074,dwell
2075,graffiti
2076,bild
2077,canterbury
2078,alibaba
2079,perkins
2080,greeting
2081,kitchens
2082,chocolate
2083,satin
2084,zimbabwe
2085,drawer
2086,garrison
2087,rover
2088,clerks
2089,warranty
2090,passwords
2091,arrests
2092,filtered
2093,northwestern
2094,swords
2095,aquatic
2096,dodgers
2097,polaroid
2098,rotterdam
2099,dresses
2100,carriage
2101,slate
2102,fence
2103,cleavage
2104,worksheets
2105,dollar
2106,alley
2107,schwarzenegger
2108,paintball
2109,tuvalu
2110,goa
2111,anthrax
2112,dq
2113,smartphone
2114,siblings
2115,aaa
2116,worms
2117,sweepstakes
2118,meeting
2119,hug
2120,villages
2121,snowy
2122,thanksgiving
2123,francisco
2124,liechtenstein
2125,lortab
2126,horses
2127,cartier
2128,maven
2129,governor
2130,fewer
2131,interior
2132,chef
2133,cheque
2134,frontgate
2135,gardener
2136,flags
2137,lizard
2138,salzburg
2139,cabinets
2140,defence
2141,counselling
2142,waterfall
2143,coffee
2144,congressional
2145,colors
2146,demonstrations
2147,tuberculosis
2148,classrooms
2149,madthumbs
2150,apartments
2151,verisign
2152,laid
2153,boots
2154,maternity
2155,techrepublic
2156,newspapers
2157,directions
2158,ionic
2159,silhouette
2160,affirmed
2161,branches
2162,cheerleader
2163,tree
2164,monastery
2165,scarves
2166,gladly
2167,leeds
2168,microphones
2169,washington
2170,furniture
2171,basename
2172,lynx
2173,beach
2174,coaching
2175,mirrors
2176,bridal
2177,municipal
2178,seoul
2179,sailing
2180,gowns
2181,figurine
2182,swings
2183,museums
2184,hyundai
2185,moroccan
2186,tactics
2187,surfers
2188,goa
2189,smithsonian
2190,voyager
2191,wayne
2192,banner
2193,sporting
2194,alamo
2195,literacy
2196,televisions
2197,fan
2198,courtyard
2199,evansville
2200,wagon
2201,webcams
2202,taxi
2203,concrete
2204,hearts
2205,banner
2206,courses
2207,driving
2208,space
2209,hsn
2210,bikes
2211,tube
2212,tally
2213,barn
2214,plaque
2215,rapids
2216,corridor
2217,floyd
2218,dragonfly
2219,towers
2220,cemeteries
2221,hays
2222,asphalt
2223,transcript
2224,aunt
2225,hooded
2226,rake
2227,pillars
2228,habitat
2229,clouds
2230,flea
2231,juices
2232,bournemouth
2233,alloy
2234,tackling
2235,washington
2236,squares
2237,tucson
2238,emerging
2239,plastics
2240,scorecard
2241,silhouette
2242,santa
2243,tubing
2244,oem
2245,cubes
2246,wheel
2247,decor
2248,boiler
2249,palette
2250,tourists
2251,pasture
2252,accelerator
2253,locations
2254,affirmed
2255,flea
2256,pollution
2257,chocolates
2258,mole
2259,photography
2260,butterflies
2261,vegas
2262,daewoo
2263,blinds
2264,malta
2265,shah
2266,dep
2267,grandparents
2268,paintball
2269,pouring
2270,banner
2271,reservoir
2272,permitted
2273,rainy
2274,surrey
2275,magnolia
2276,moldova
2277,red
2278,penalty
2279,advertisement
2280,protectors
2281,ineffective
2282,qualifier
2283,iu
2284,burkina
2285,subset
2286,tablet
2287,rear
2288,airsoft
2289,surrender
2290,bild
2291,rams
2292,pub
2293,clerks
2294,rendered
2295,banner
2296,curly
2297,methane
2298,cher
2299,brown
2300,ww
2301,diner
2302,trolley
2303,interchange
2304,nigeria
2305,brussels
2306,clam
2307,roofing
2308,signing
2309,skiing
2310,niagara
2311,peanuts
2312,counselors
2313,officer
2314,cooperation
2315,fundamentally
2316,oc
2317,badminton
2318,backpacks
2319,trains
2320,battery
2321,outdoors
2322,diffusion
2323,desks
2324,leaf
2325,premiership
2326,pools
2327,safaris
2328,quilts
2329,raleigh
2330,hopper
2331,flagstaff
2332,social
2333,edinburgh
2334,wink
2335,turquoise
2336,london
2337,sailors
2338,mauritius
2339,valentines
2340,affair
2341,british
2342,summit
2343,montserrat
2344,tent
2345,musicians
2346,bicycles
2347,concerts
2348,rugby
2349,sweatshirts
2350,boots
2351,batman
2352,tubes
2353,versace
2354,lecturer
2355,stew
2356,connectors
2357,garments
2358,owls
2359,quartet
2360,zelda
2361,griffith
2362,train
2363,stocking
2364,knit
2365,highlights
2366,sli
2367,glasses
2368,juvenile
2369,specialized
2370,tableware
2371,eclipse
2372,clam
2373,squirrel
2374,dinosaur
2375,overcast
2376,inks
2377,garrison
2378,overlooking
2379,clemson
2380,getty
2381,whistler
2382,paintball
2383,sharks
2384,vertices
2385,manicures
2386,rows
2387,roger
2388,businessman
2389,burger
2390,bench
2391,benin
2392,nixon
2393,caterpillar
2394,cap
2395,worldcat
2396,foundry
2397,refinance
2398,bananas
2399,umbrella
2400,squirrel
2401,luxembourg
2402,alphabet
2403,policing
2404,darren
2405,basketball
2406,proposing
2407,bikes
2408,stark
2409,packard
2410,adelaide
2411,ants
2412,alloy
2413,bedroom
2414,colorado
2415,delhi
2416,bike
2417,palms
2418,thailand
2419,celtic
2420,extensions
2421,hat
2422,stocking
2423,led
2424,lama
2425,leipzig
2426,paige
2427,bild
2428,banner
2429,alba
2430,wsop
2431,corsair
2432,breakfasts
2433,infrastructure
2434,eggs
2435,bedroom
2436,packard
2437,sarasota
2438,nhl
2439,slashdot
2440,rheumatoid
2441,devils
2442,eggs
2443,meanings
2444,rocker
2445,garrison
2446,views
2447,westport
2448,cher
2449,advertisement
2450,volt
2451,corridors
2452,snorkeling
2453,nails
2454,geneva
2455,granite
2456,diffuse
2457,flowers
2458,classrooms
2459,keypad
2460,amplifiers
2461,irene
2462,seated
2463,bathroom
2464,ashford
2465,vendors
2466,paige
2467,reebok
2468,garrison
2469,backs
2470,bench
2471,profile
2472,snoop
2473,salisbury
2474,floral
2475,wheel
2476,airplanes
2477,defensive
2478,monaco
2479,blonde
2480,hay
2481,grande
2482,blazer
2483,stevie
2484,barking
2485,topless
2486,skirts
2487,drinks
2488,leather
2489,sleeve
2490,asheville
2491,ig
2492,geoffrey
2493,denim
2494,tractor
2495,fj
2496,kayaking
2497,ariel
2498,cafeteria
2499,undefined
2500,winners
2501,associates
2502,mushroom
2503,purse
2504,whisky
2505,briefcase
2506,snakes
2507,senior
2508,rams
2509,bouquet
2510,nyc
2511,livestock
2512,superman
2513,dunes
2514,antiques
2515,rainbow
2516,branches
2517,notorious
2518,columns
2519,burkina
2520,soho
2521,kayaking
2522,galveston
2523,shutter
2524,banner
2525,meets
2526,senior
2527,appraiser
2528,desserts
2529,axe
2530,ballroom
2531,oklahoma
2532,banner
2533,gown
2534,dartmouth
2535,skirt
2536,valley
2537,manager
2538,lisbon
2539,fargo
2540,figs
2541,puppies
2542,reebok
2543,luck
2544,regal
2545,mandrake
2546,seafood
2547,enlisted
2548,francaise
2549,stalls
2550,redhead
2551,levine
2552,mobiles
2553,dresses
2554,stained
2555,sea
2556,skirts
2557,chairs
2558,coordinated
2559,chanel
2560,silva
2561,ariel
2562,batman
2563,map
2564,profile
2565,butterflies
2566,paving
2567,meadow
2568,nile
2569,superstore
2570,reef
2571,grille
2572,gourmet
2573,mice
2574,cub
2575,songs
2576,crypt
2577,richter
2578,swallow
2579,ig
2580,stormwater
2581,wedding
2582,crochet
2583,blazer
2584,fitzgerald
2585,yellowstone
2586,britney
2587,gambia
2588,labrador
2589,mist
2590,chile
2591,layup
2592,ulster
2593,cake
2594,stroller
2595,legislature
2596,serviced
2597,cleanup
2598,cannes
2599,dragon
2600,anthrax
2601,skirt
2602,trains
2603,goats
2604,towels
2605,recover
2606,purdue
2607,gardens
2608,emu
2609,voluntary
2610,pitcher
2611,intervention
2612,watersports
2613,clipart
2614,converse
2615,partition
2616,gauteng
2617,ordered
2618,chile
2619,toulouse
2620,hindu
2621,prevent
2622,boats
2623,livestock
2624,motorcycle
2625,galway
2626,untitled
2627,garrison
2628,editors
2629,dolphins
2630,casio
2631,planar
2632,ucla
2633,clifford
2634,reagan
2635,stormwater
2636,lisa
2637,tattoo
2638,jimi
2639,spy
2640,invented
2641,huskies
2642,scarface
2643,green
2644,shy
2645,swings
2646,abbey
2647,ir
2648,driveway
2649,acura
2650,sheep
2651,celtic
2652,infant
2653,paige
2654,benches
2655,pond
2656,brokeback
2657,bubble
2658,mosque
2659,railroad
2660,injury
2661,georgetown
2662,hearts
2663,magnolia
2664,hearts
2665,gameplay
2666,slab
2667,numbering
2668,seahawks
2669,swings
2670,duluth
2671,uss
2672,protesters
2673,graders
2674,eye
2675,leicester
2676,blake
2677,squeeze
2678,garrison
2679,lancaster
2680,ironing
2681,rugby
2682,flowers
2683,balcony
2684,niue
2685,chest
2686,anon
2687,overlay
2688,maui
2689,dentists
2690,classroom
2691,conducting
2692,golf
2693,tesco
2694,warcraft
2695,elijah
2696,natal
2697,miriam
2698,interchange
2699,tents
2700,marketplace
2701,sisters
2702,buckinghamshire
2703,soho
2704,ramsey
2705,subset
2706,husbands
2707,lesotho
2708,biloxi
2709,cat
2710,tolerated
2711,comm
2712,kitchens
2713,concert
2714,gamefaqs
2715,flatbed
2716,railroad
2717,rabbits
2718,green
2719,cake
2720,snowy
2721,godfather
2722,dollars
2723,wheelchair
2724,hmmm
2725,hearts
2726,gravel
2727,baking
2728,festival
2729,inflatable
2730,taipei
2731,ballroom
2732,altar
2733,swings
2734,syrian
2735,hockey
2736,maserati
2737,angelina
2738,handlers
2739,iu
2740,creamy
2741,putin
2742,egyptian
2743,wastewater
2744,uae
2745,macau
2746,filipino
2747,stripes
2748,hearts
2749,dog
2750,tennis
2751,polo
2752,orange
2753,buses
2754,netbsd
2755,freeman
2756,bissau
2757,lauderdale
2758,hay
2759,hawaiian
2760,railways
2761,hannover
2762,evansville
2763,bridges
2764,noticeable
2765,flora
2766,coat
2767,leica
2768,broccoli
2769,window
2770,biking
2771,tuvalu
2772,enchanted
2773,villagers
2774,garments
2775,aquarium
2776,seychelles
2777,sleeve
2778,runway
2779,cheeks
2780,video
2781,madrid
2782,coral
2783,johannes
2784,denim
2785,ig
2786,pedestrian
2787,galway
2788,iu
2789,ohm
2790,furnished
2791,rowan
2792,gym
2793,minimal
2794,kissing
2795,bubbles
2796,slug
2797,pope
2798,otter
2799,apples
2800,gowns
2801,restoration
2802,speeches
2803,ballroom
2804,sauvignon
2805,presents
2806,seafood
2807,trump
2808,hampshire
2809,golfing
2810,boat
2811,sweeney
2812,fog
2813,mio
2814,fishes
2815,supernatural
2816,guitar
2817,barn
2818,laptops
2819,aquaculture
2820,aclu
2821,relatives
2822,prostores
2823,raspberry
2824,poultry
2825,ornaments
2826,jared
2827,organisers
2828,pooh
2829,epson
2830,social
2831,rollers
2832,wyndham
2833,eliza
2834,affair
2835,courtyard
2836,pro
2837,backyard
2838,dunes
2839,discussions
2840,crossing
2841,biographies
2842,bicycle
2843,thanksgiving
2844,couture
2845,rolls
2846,ocean
2847,garrison
2848,crt
2849,harvest
2850,nobody
2851,playground
2852,ducks
2853,ledger
2854,forte
2855,motorcycles
2856,banners
2857,chunk
2858,phosphorylation
2859,affair
2860,posing
2861,copenhagen
2862,flamingo
2863,purple
2864,ordered
2865,grass
2866,wheelchair
2867,hercules
2868,parenting
2869,barber
2870,twiztid
2871,flashlight
2872,spur
2873,cycle
2874,flowering
2875,wy
2876,social
2877,briefcase
2878,brass
2879,trio
2880,hastings
2881,clerks
2882,flew
2883,iu
2884,mugs
2885,recession
2886,skirts
2887,tunnels
2888,edges
2889,passenger
2890,windows
2891,soccer
2892,meditation
2893,disneyland
2894,shutter
2895,giclee
2896,wyndham
2897,integral
2898,utilities
2899,cocktails
2900,garrison
2901,tolkien
2902,poverty
2903,warranty
2904,simpson
2905,parties
2906,undefined
2907,nunavut
2908,airsoft
2909,bild
2910,social
2911,como
2912,cottage
2913,scientists
2914,sentencing
2915,ax
2916,smartphone
2917,martial
2918,warrants
2919,bloodhound
2920,constructor
2921,extensions
2922,christmas
2923,saxophone
2924,layup
2925,cartoon
2926,bild
2927,hummer
2928,warp
2929,costa
2930,bikini
2931,nile
2932,receivers
2933,ramsey
2934,twentieth
2935,nascar
2936,briefing
2937,bizjournals
2938,pops
2939,empowering
2940,courthouse
2941,kettle
2942,oldest
2943,architectural
2944,autumn
2945,forest
2946,dragon
2947,belts
2948,dogs
2949,cooking
2950,reebok
2951,nightlife
2952,dancers
2953,albuquerque
2954,enlisted
2955,canoeing
2956,godsmack
2957,cookbook
2958,boots
2959,clerks
2960,panel
2961,tao
2962,telescopes
2963,celebrations
2964,running
2965,cummings
2966,backs
2967,trousers
2968,jolla
2969,wallpaper
2970,dunlop
2971,svalbard
2972,amortization
2973,planets
2974,jerusalem
2975,grandparents
2976,elec
2977,scooters
2978,pines
2979,boats
2980,lens
2981,adobe
2982,xxl
2983,decorative
2984,soccer
2985,surfer
2986,eagles
2987,monkey
2988,traffic
2989,harrisburg
2990,sundance
2991,hospitals
2992,pudding
2993,renamed
2994,backpack
2995,oldsmobile
2996,supernatural
2997,burger
2998,citroen
2999,bhutan
3000,philips
3001,aurora
3002,asheville
3003,acronym
3004,couch
3005,mailbox
3006,sailing
3007,plastics
3008,hopper
3009,construction
3010,signature
3011,iss
3012,easyshare
3013,autumn
3014,frog
3015,break
3016,ecosystems
3017,monuments
3018,shawn
3019,stony
3020,floral
3021,outfit
3022,easter
3023,parenting
3024,supra
3025,track
3026,pier
3027,subway
3028,salisbury
3029,shreveport
3030,thumbnail
3031,preschool
3032,coats
3033,rajasthan
3034,bouquet
3035,unwanted
3036,gig
3037,usability
3038,grandma
3039,basename
3040,seether
3041,glibc
3042,balancing
3043,which
3044,amarillo
3045,catherine
3046,faroe
3047,proposed
3048,sandals
3049,shaving
3050,dolphin
3051,calcutta
3052,mud
3053,patriotic
3054,maldives
3055,cucumber
3056,regard
3057,prudential
3058,thoughtful
3059,fisherman
3060,stone
3061,snowy
3062,video
3063,tracy
3064,maroon
3065,garments
3066,underwater
3067,ducks
3068,alcoholic
3069,vallarta
3070,kylie
3071,geography
3072,breakers
3073,defence
3074,topless
3075,maid
3076,sightseeing
3077,ers
3078,composites
3079,monaco
3080,alloy
3081,chairs
3082,vatican
3083,grim
3084,cent
3085,wines
3086,lobby
3087,bollywood
3088,drink
3089,bison
3090,salisbury
3091,bridal
3092,demonstrations
3093,mgmt
3094,saturn
3095,sears
3096,gala
3097,spanning
3098,mini
3099,monophonic
3100,jaguar
3101,tiff
3102,backpack
3103,wheelchair
3104,pps
3105,cabin
3106,envelope
3107,harbor
3108,usher
3109,bedroom
3110,alamo
3111,ministerial
3112,mill
3113,mri
3114,sweater
3115,markers
3116,scans
3117,draft
3118,diecast
3119,stools
3120,irene
3121,senior
3122,providence
3123,clifton
3124,accommodations
3125,mercer
3126,bluetooth
3127,ddr
3128,wetland
3129,female
3130,clinton
3131,pizza
3132,pollen
3133,malawi
3134,groom
3135,normally
3136,motorized
3137,ferrari
3138,playhouse
3139,pipelines
3140,mlb
3141,shopper
3142,buried
3143,tackle
3144,washington
3145,spanning
3146,sale
3147,flamingo
3148,classrooms
3149,winged
3150,bunny
3151,knights
3152,oregon
3153,fruits
3154,furnishings
3155,baccarat
3156,antitrust
3157,dusk
3158,g
3159,invented
3160,pick
3161,probability
3162,hedge
3163,saw
3164,bathroom
3165,horseback
3166,terrier
3167,graduate
3168,rocks
3169,discounts
3170,verona
3171,sunglasses
3172,squirrel
3173,sulfur
3174,bodybuilding
3175,queens
3176,savanna
3177,bournemouth
3178,hair
3179,gladly
3180,vows
3181,textile
3182,floor
3183,layup
3184,alma
3185,sclerosis
3186,walmart
3187,nudists
3188,robot
3189,christmas
3190,teeth
3191,crete
3192,tubing
3193,ornaments
3194,connecticut
3195,chandelier
3196,bedrooms
3197,nominee
3198,cotton
3199,cake
3200,ranges
3201,illinois
3202,rowling
3203,spurs
3204,scarf
3205,freezers
3206,doncaster
3207,reformed
3208,undefined
3209,proposed
3210,ottawa
3211,taurus
3212,laptops
3213,athlon
3214,horses
3215,lilies
3216,sudoku
3217,defenses
3218,cigarette
3219,mc
3220,penthouse
3221,moroccan
3222,weezer
3223,g
3224,worrying
3225,triathlon
3226,ceiling
3227,proliant
3228,paw
3229,kittens
3230,fisherman
3231,canoeing
3232,everquest
3233,makeup
3234,glacier
3235,hertfordshire
3236,market
3237,audience
3238,composites
3239,watercolor
3240,training
3241,mating
3242,benin
3243,fairbanks
3244,dinnerware
3245,aircraft
3246,rugby
3247,figurine
3248,napoleon
3249,award
3250,reception
3251,beginners
3252,girl
3253,resigned
3254,makeup
3255,telephone
3256,oprah
3257,surnames
3258,wheat
3259,peptide
3260,farmhouse
3261,traders
3262,diagrams
3263,turnover
3264,moroccan
3265,fireplace
3266,monterey
3267,dresser
3268,nails
3269,leaf
3270,snowy
3271,textile
3272,the
3273,floods
3274,beard
3275,cathy
3276,conducting
3277,empower
3278,farmhouse
3279,preschool
3280,quilting
3281,rockies
3282,giclee
3283,topless
3284,ascii
3285,nap
3286,vases
3287,acceleration
3288,laundering
3289,buenos
3290,mellon
3291,microbial
3292,contemporary
3293,outfit
3294,luxembourg
3295,washington
3296,vase
3297,gulf
3298,rugby
3299,smile
3300,hockey
3301,hats
3302,hoodia
3303,classes
3304,aruba
3305,paige
3306,tomatoes
3307,venice
3308,aruba
3309,straps
3310,ferdinand
3311,swings
3312,dyes
3313,parental
3314,airplanes
3315,anguilla
3316,toes
3317,clipart
3318,frustrated
3319,planting
3320,clyde
3321,lighter
3322,inequalities
3323,patagonia
3324,afl
3325,andorra
3326,filtered
3327,bedrooms
3328,tiles
3329,evo
3330,carrots
3331,clapton
3332,flea
3333,castles
3334,crack
3335,interiors
3336,helicopter
3337,puppies
3338,topless
3339,kisses
3340,cocktails
3341,cat
3342,sweaters
3343,arabs
3344,corners
3345,champagne
3346,sunset
3347,bedroom
3348,monde
3349,fruits
3350,zoloft
3351,fisher
3352,cleavage
3353,bangladesh
3354,gauges
3355,householder
3356,rainy
3357,sleeve
3358,kindergarten
3359,microphone
3360,clouds
3361,caterpillar
3362,myanmar
3363,bx
3364,supernatural
3365,surf
3366,impressions
3367,coefficient
3368,pitt
3369,cabernet
3370,nes
3371,benin
3372,tubing
3373,outdoors
3374,kissing
3375,waveform
3376,temple
3377,expecting
3378,construction
3379,scarves
3380,plants
3381,planted
3382,volunteering
3383,bmw
3384,drums
3385,yoga
3386,carrot
3387,locations
3388,bus
3389,insulation
3390,dentists
3391,underwater
3392,seoul
3393,bear
3394,dana
3395,ballet
3396,lynch
3397,textile
3398,airmail
3399,lobster
3400,manuals
3401,mime
3402,crochet
3403,guam
3404,tree
3405,medals
3406,sprint
3407,ferries
3408,washington
3409,unicef
3410,soldier
3411,mitsubishi
3412,paraguay
3413,submarine
3414,carp
3415,enchanted
3416,bahrain
3417,bild
3418,kijiji
3419,sanyo
3420,dubai
3421,washington
3422,calendar
3423,georgetown
3424,continent
3425,foreclosures
3426,fox
3427,wink
3428,social
3429,tvs
3430,reeves
3431,alarms
3432,sands
3433,weezer
3434,collier
3435,charleston
3436,subchapter
3437,mold
3438,fasteners
3439,specialized
3440,minolta
3441,marijuana
3442,robe
3443,beverages
3444,laptops
3445,welcomes
3446,northumberland
3447,electrode
3448,tomcat
3449,skating
3450,luncheon
3451,tying
3452,moldova
3453,ribbon
3454,camel
3455,usenet
3456,palestinian
3457,drafts
3458,cows
3459,gonzales
3460,palma
3461,lax
3462,telefonsex
3463,darfur
3464,tackle
3465,millenium
3466,ap
3467,bild
3468,wand
3469,prenatal
3470,illustration
3471,sauvignon
3472,decorations
3473,elephants
3474,balloons
3475,tomcat
3476,alley
3477,video
3478,faults
3479,social
3480,shelley
3481,dock
3482,hyatt
3483,accomodation
3484,mlb
3485,renewable
3486,iss
3487,utah
3488,harbour
3489,worldcat
3490,bookshelf
3491,governments
3492,sweaters
3493,farming
3494,vacancies
3495,calcutta
3496,brain
3497,saskatoon
3498,eating
3499,iu
3500,mick
3501,steaks
3502,dolphins
3503,gardener
3504,united
3505,settlers
3506,cafe
3507,hillside
3508,lay
3509,universidad
3510,cheerleader
3511,bones
3512,cube
3513,chanel
3514,pavilion
3515,dermatology
3516,seychelles
3517,electrode
3518,running
3519,engraving
3520,robe
3521,vows
3522,narnia
3523,equals
3524,emory
3525,hl
3526,jerusalem
3527,wallet
3528,nest
3529,benin
3530,prohibited
3531,sweater
3532,portsmouth
3533,madrid
3534,piping
3535,appetizers
3536,mall
3537,flour
3538,clown
3539,clipart
3540,spongebob
3541,ampland
3542,collier
3543,wavelength
3544,holden
3545,ten
3546,brighton
3547,logo
3548,cows
3549,aquaculture
3550,myanmar
3551,upskirt
3552,magnesium
3553,banner
3554,frontgate
3555,toddler
3556,washington
3557,aquarium
3558,hawk
3559,rabbit
3560,ornament
3561,espn
3562,juices
3563,cats
3564,slashdot
3565,finland
3566,water
3567,singular
3568,converse
3569,marilyn
3570,frankfurt
3571,aperture
3572,strand
3573,christmas
3574,exhibitor
3575,kitchens
3576,deer
3577,mammalian
3578,owl
3579,running
3580,tasting
3581,queens
3582,handbag
3583,knox
3584,cameroon
3585,composites
3586,backgammon
3587,darfur
3588,karate
3589,cambridge
3590,wiltshire
3591,volts
3592,searching
3593,cannes
3594,shoppers
3595,curriculum
3596,airsoft
3597,monkeys
3598,chromatography
3599,tobago
3600,singapore
3601,ornaments
3602,makeup
3603,alcoholic
3604,electrode
3605,crochet
3606,clic
3607,gloryhole
3608,amos
3609,retrieving
3610,shocked
3611,dsp
3612,vows
3613,nuggets
3614,tubing
3615,fabrics
3616,moon
3617,classrooms
3618,cdn
3619,dna
3620,andorra
3621,flea
3622,kitchen
3623,clic
3624,creampie
3625,mosaic
3626,barber
3627,greenhouse
3628,richter
3629,hiding
3630,deer
3631,fisherman
3632,sunset
3633,keyboard
3634,aa
3635,bali
3636,whirlpool
3637,panel
3638,wnba
3639,bouquet
3640,shapiro
3641,bridal
3642,basketball
3643,embroidery
3644,renders
3645,vineyards
3646,aaa
3647,highlands
3648,sisters
3649,proposing
3650,westminster
3651,cambridgeshire
3652,cigarette
3653,curl
3654,belize
3655,siding
3656,balcony
3657,rammstein
3658,collars
3659,princess
3660,pakistan
3661,gamecube
3662,happily
3663,organisational
3664,fields
3665,ingredients
3666,bedding
3667,exercising
3668,andersen
3669,couple
3670,gown
3671,quarterback
3672,danielle
3673,cups
3674,shocked
3675,argentina
3676,tolkien
3677,eating
3678,trolley
3679,marco
3680,printable
3681,albany
3682,italia
3683,sheep
3684,hitachi
3685,social
3686,bild
3687,conclusions
3688,layup
3689,bus
3690,verona
3691,marching
3692,lohan
3693,premiere
3694,golfers
3695,z
3696,wimbledon
3697,britney
3698,outerwear
3699,rugby
3700,aerosmith
3701,chateau
3702,populated
3703,equals
3704,bicycles
3705,premiere
3706,clock
3707,brunch
3708,kurdish
3709,irene
3710,confession
3711,lebanon
3712,ariel
3713,turner
3714,roofing
3715,mall
3716,silver
3717,buses
3718,lake
3719,horses
3720,gazette
3721,shortlist
3722,korn
3723,film
3724,door
3725,battery
3726,aerial
3727,volleyball
3728,alley
3729,duluth
3730,tidal
3731,ladder
3732,kiss
3733,manhattan
3734,otter
3735,lohan
3736,capri
3737,dunes
3738,leigh
3739,palma
3740,paper
3741,collier
3742,torres
3743,orchid
3744,chick
3745,fairbanks
3746,kia
3747,trains
3748,infantry
3749,simplify
3750,chimney
3751,raven
3752,beard
3753,dashboard
3754,bild
3755,dubai
3756,fairbanks
3757,heart
3758,laserjet
3759,umbrella
3760,cashier
3761,ios
3762,yellow
3763,envelopes
3764,oman
3765,invitations
3766,boot
3767,predicate
3768,yorkshire
3769,tummy
3770,gown
3771,necklaces
3772,moroccan
3773,chaotic
3774,social
3775,cdn
3776,tennis
3777,iu
3778,tutorial
3779,packers
3780,la
3781,iu
3782,operator
3783,extensions
3784,sunglasses
3785,grease
3786,unix
3787,closet
3788,pig
3789,wanted
3790,somalia
3791,stroller
3792,captain
3793,galaxies
3794,doors
3795,scarborough
3796,plants
3797,athletics
3798,vail
3799,albania
3800,kindergarten
3801,quarterback
3802,vance
3803,demolition
3804,garrison
3805,larvae
3806,blondes
3807,fireplace
3808,grandfather
3809,washington
3810,table
3811,viet
3812,dancer
3813,bild
3814,basename
3815,formal
3816,recycling
3817,philippines
3818,tapestry
3819,candy
3820,composites
3821,iu
3822,state
3823,tree
3824,iu
3825,arabidopsis
3826,salons
3827,franchises
3828,clic
3829,kiosk
3830,fence
3831,irene
3832,westfield
3833,supra
3834,istanbul
3835,vancouver
3836,curtain
3837,bouquets
3838,cliffs
3839,aquaculture
3840,cat
3841,jerusalem
3842,scenic
3843,heathrow
3844,caicos
3845,crater
3846,natal
3847,burberry
3848,banner
3849,duluth
3850,ending
3851,grooming
3852,nederland
3853,waltham
3854,commencement
3855,toulouse
3856,vampire
3857,detox
3858,condominium
3859,dubai
3860,medals
3861,scheduler
3862,cambridge
3863,mosaic
3864,beatles
3865,quarry
3866,lavender
3867,hawks
3868,raf
3869,britney
3870,floyd
3871,desks
3872,heart
3873,levine
3874,crane
3875,lights
3876,comb
3877,blossom
3878,splits
3879,zombie
3880,banner
3881,envelopes
3882,dollar
3883,mating
3884,attendance
3885,alloy
3886,cigarette
3887,abramoff
3888,beige
3889,ruins
3890,qc
3891,alcoholic
3892,golf
3893,lipstick
3894,layup
3895,battery
3896,amsterdam
3897,indonesia
3898,scar
3899,abandoned
3900,graphite
3901,shanghai
3902,jazz
3903,teens
3904,undefined
3905,taxi
3906,jumps
3907,statue
3908,dc
3909,malaria
3910,yves
3911,aquarium
3912,miami
3913,aes
3914,shells
3915,beard
3916,extensions
3917,swings
3918,cabinets
3919,erickson
3920,alpine
3921,graduate
3922,prc
3923,sweaters
3924,averages
3925,hog
3926,august
3927,furnished
3928,hopper
3929,construction
3930,scarf
3931,cx
3932,seminar
3933,armani
3934,licensed
3935,levine
3936,expires
3937,pitching
3938,fielding
3939,break
3940,fischer
3941,scoring
3942,henry
3943,geneva
3944,ornaments
3945,hundred
3946,portsmouth
3947,ditch
3948,lilies
3949,checker
3950,archaeology
3951,hogtied
3952,shinedown
3953,werner
3954,clerks
3955,pupil
3956,floral
3957,gown
3958,ornaments
3959,permitted
3960,settlements
3961,crete
3962,vatican
3963,stamford
3964,bonsai
3965,exercising
3966,terre
3967,stamps
3968,logger
3969,bikini
3970,crypt
3971,banner
3972,tackle
3973,gerald
3974,rome
3975,pointing
3976,nascar
3977,stuttgart
3978,clemson
3979,boats
3980,admits
3981,canberra
3982,contested
3983,logo
3984,terry
3985,dog
3986,petrol
3987,vain
3988,shopper
3989,meridia
3990,outdoors
3991,msgstr
3992,shreveport
3993,syrian
3994,belize
3995,bangbus
3996,luxembourg
3997,chefs
3998,turtles
3999,gladly
4000,sioux
4001,abandoned
4002,hummer
4003,laboratory
4004,basename
4005,running
4006,owls
4007,hindu
4008,field
4009,iu
4010,chevelle
4011,mushrooms
4012,cambridgeshire
4013,gangbang
4014,attic
4015,slr
4016,baccarat
4017,clarinet
4018,monaco
4019,kissimmee
4020,hiking
4021,vail
4022,encarta
4023,boats
4024,champagne
4025,patrol
4026,momma
4027,deutschland
4028,vectors
4029,bird
4030,agriculture
4031,pledged
4032,mlb
4033,sunlight
4034,peacock
4035,clint
4036,maine
4037,romans
4038,trout
4039,barn
4040,brand
4041,plaid
4042,chimney
4043,banner
4044,slug
4045,offenders
4046,dubai
4047,earth
4048,balloon
4049,clifford
4050,metasearch
4051,pantyhose
4052,motorcycles
4053,jeanne
4054,beastiality
4055,beginnings
4056,precedence
4057,citation
4058,desk
4059,interior
4060,currencies
4061,markus
4062,sheep
4063,coffee
4064,swings
4065,syn
4066,curly
4067,marrow
4068,lq
4069,walkman
4070,seychelles
4071,praise
4072,la
4073,dentist
4074,susie
4075,pigeon
4076,edward
4077,antiques
4078,purse
4079,santa
4080,bakery
4081,tattoos
4082,cats
4083,kumar
4084,months
4085,bookshelf
4086,lesotho
4087,converse
4088,quarterback
4089,tights
4090,lookup
4091,almanac
4092,handwriting
4093,envelopes
4094,blinds
4095,hearts
